Glass_number,Filename,Si_O_Si_Bond_angle,O_Si_O_bond_angle,number_bridge_oxygen,env_chem_si,env_chem_al,Activation_barrier,initial_water_si_distance,Stress,Shear
glass_num_0,O_538_Si_597,165.3554503,163.8179859,4,4,0,0.903059543,3.254,-0.25200705,3.72E-02
glass_num_0,O_1_Si_606,134.1794381,161.8346548,4,4,0,1.125352462,3.273,-0.225995118,0.158976449
glass_num_0,O_238_Si_614,125.7968724,153.5073145,3,3,0,0.833951112,3.396,-0.182278946,0.164620193
glass_num_0,O_430_Si_623,167.9709495,158.2080063,4,4,0,1.166611731,3.278,-0.254494818,8.07E-02
glass_num_0,O_49_Si_627,128.261568,146.0356771,4,4,0,1.201376841,3.321,-0.255138846,0.116085658
glass_num_0,O_73_Si_632,133.1559987,159.9426288,4,4,0,0.537826621,3.247,-0.129513026,0.198987477
glass_num_0,O_133_Si_637,151.9574979,142.1841152,4,4,0,1.793488417,3.44,-0.23234716,7.28E-02
glass_num_0,O_391_Si_651,150.3889167,151.6669089,3,3,0,1.084929589,3.166,-0.249374565,8.73E-02
glass_num_0,O_241_Si_656,158.5479114,163.251029,4,4,0,1.137876316,3.306,-0.160738058,9.81E-02
glass_num_0,O_229_Si_665,143.6126973,158.5879454,3,3,0,1.619218191,3.436,-0.177534594,8.50E-02
glass_num_0,O_364_Si_666,142.2374937,169.1959925,4,4,0,1.256424117,3.126,-0.301947521,0.105611232
glass_num_0,O_577_Si_676,146.6179448,176.6372249,3,3,0,1.162336965,3.046,-0.205303691,7.60E-02
glass_num_0,O_436_Si_677,144.1692562,175.0238767,4,4,0,1.511764724,3.373,-0.269935707,8.13E-02
glass_num_0,O_454_Si_688,149.4162154,173.595867,2,2,0,1.586370293,3.394,-0.205878789,8.63E-02
glass_num_0,O_244_Si_694,149.3329585,174.5299287,4,4,0,1.251219738,2.896,-0.254089366,0.100360084
glass_num_0,O_463_Si_699,149.6222272,166.8866031,3,3,0,1.686232141,3.295,-0.186433387,8.09E-02
glass_num_0,O_124_Si_706,134.7139623,176.8022628,3,3,0,0.822594283,3.056,-0.167969914,0.135932273
glass_num_0,O_277_Si_715,125.7968724,164.3448724,4,4,0,1.252482976,3.068,-0.160327328,0.173937908
glass_num_2,O_355_Si_601,158.4944363,169.36017,3,3,0,1.16583379,3.108,-0.273773291,0.106877423
glass_num_2,O_157_Si_605,140.8122494,166.1649886,4,4,0,1.020585076,3.064,-0.170045391,0.163457646
glass_num_2,O_136_Si_615,154.4709599,171.7790296,3,3,0,1.007663138,2.921,-0.2037144,7.94E-02
glass_num_2,O_67_Si_621,169.2087293,165.7003646,4,4,0,1.45682066,3.148,-0.231338457,7.13E-02
glass_num_2,O_151_Si_625,130.3312818,160.4569698,3,3,0,1.650051087,3.188,-0.16863007,0.136573931
glass_num_2,O_379_Si_627,143.6932033,133.8354245,4,4,0,1.322647624,3.459,-0.171827155,0.122937037
glass_num_2,O_100_Si_641,133.9005216,175.4754112,3,3,0,1.489236298,3.099,-0.218002634,0.108916182
glass_num_2,O_493_Si_662,135.9996247,160.5098505,4,4,0,0.676758402,3.196,-0.215717635,8.29E-02
glass_num_2,O_445_Si_671,139.5112568,165.5524998,4,4,0,1.121982421,3.449,-0.269977525,0.120876148
glass_num_2,O_328_Si_673,119.8349683,158.2908896,4,4,0,1.394301278,3.038,-0.181558405,0.158407481
glass_num_2,O_208_Si_686,136.6518993,166.2646106,3,3,0,1.475540184,3.166,-0.176518565,0.160678862
glass_num_2,O_406_Si_713,162.4174115,169.1050591,3,3,0,1.574619746,3.14,-0.206940868,6.11E-02
glass_num_2,O_202_Si_716,149.3790853,174.2721338,3,3,0,1.035843129,3.25,-0.282141603,0.112964961
glass_num_2,O_574_Si_716,155.6794728,163.6136746,3,3,0,1.231134975,2.9,-0.282141603,0.112964961
glass_num_2,O_532_Si_721,135.8281193,174.511993,3,3,0,1.365231903,3.169,-0.242964986,5.59E-02
glass_num_3,O_178_Si_579,162.1060853,155.2280482,3,3,0,1.472613343,3.27,-0.208792639,9.75E-02
glass_num_3,O_475_Si_581,146.6097576,145.123279,4,4,0,1.804640074,3.497,-0.194819599,0.110440858
glass_num_3,O_373_Si_588,150.2947899,174.9178178,4,4,0,1.504654327,3.223,-0.248816984,0.106514069
glass_num_3,O_370_Si_590,124.6983979,171.4551135,3,3,0,1.179692152,2.984,-0.17182032,8.90E-02
glass_num_3,O_406_Si_597,129.6587836,160.3425988,3,3,0,1.437663113,3.216,-0.178768182,0.137234174
glass_num_3,O_85_Si_609,121.8665457,59.97232626,4,4,0,0.680782986,3.206,-0.124123954,0.172953757
glass_num_3,O_277_Si_614,158.2810514,170.9648431,3,3,0,1.390160447,3.015,-0.180270601,0.120958035
glass_num_3,O_256_Si_615,162.0827298,169.721945,3,3,0,0.81538529,3.333,-0.18103708,0.12767185
glass_num_3,O_19_Si_636,149.1369173,174.1258045,3,3,0,1.39187988,3.238,-0.206571487,0.109288033
glass_num_3,O_346_Si_638,167.6127822,164.6084672,4,4,0,1.259472574,3.198,-0.229706149,0.13192304
glass_num_3,O_481_Si_646,151.6913205,166.694355,4,4,0,0.836016639,3.268,-0.174190069,0.1644856
glass_num_3,O_109_Si_649,171.054889,163.7132269,3,3,0,1.368766041,3.278,-0.225899448,9.97E-02
glass_num_3,O_574_Si_651,131.7760926,174.3521057,4,4,0,1.353111374,3.399,-0.172905796,7.76E-02
glass_num_3,O_166_Si_660,133.8292164,178.2559512,3,3,0,1.1743095,3.087,-0.181891062,0.153522187
glass_num_3,O_43_Si_668,135.404945,154.1669849,4,4,0,0.73557794,3.384,-0.191587264,9.98E-02
glass_num_3,O_271_Si_670,152.8518342,171.3156735,3,3,0,1.450437958,3.315,-0.141823554,7.07E-02
glass_num_3,O_196_Si_674,142.4282392,173.133386,3,3,0,1.253671467,3.378,-0.184819486,9.20E-02
glass_num_3,O_4_Si_691,154.0335087,170.37126,3,3,0,1.122744906,3.145,-0.205747063,7.62E-02
glass_num_3,O_7_Si_695,123.6897628,161.4611742,4,4,0,0.816290245,3.375,-0.235624773,0.119691638
glass_num_4,O_166_Si_593,171.8986872,168.9423104,4,4,0,1.040242498,3.473,-0.188381797,5.66E-02
glass_num_4,O_37_Si_607,137.188913,155.0961145,3,3,0,1.058755234,3.49,-0.202019619,0.125640353
glass_num_4,O_304_Si_609,148.7828855,153.5138634,4,4,0,1.741908906,3.311,-0.202261259,0.112816304
glass_num_4,O_142_Si_611,145.3236232,167.4560513,4,4,0,1.372578326,3.318,-0.209672368,8.57E-02
glass_num_4,O_124_Si_615,165.8023235,156.2684808,3,3,0,0.592020423,3.375,-0.318017213,0.15689275
glass_num_4,O_316_Si_615,175.0972147,138.1712203,3,3,0,0.836435713,3.496,-0.318017213,0.15689275
glass_num_4,O_424_Si_617,168.774238,167.7971441,4,4,0,2.341190161,3.321,-0.304351386,0.125085443
glass_num_4,O_400_Si_628,158.8088401,164.3280048,4,4,0,1.715105531,3.282,-0.21986591,5.03E-02
glass_num_4,O_238_Si_632,138.0927048,173.7993538,4,4,0,0.984887727,2.794,-0.231393066,7.89E-02
glass_num_4,O_415_Si_640,164.4281003,163.0794594,4,4,0,0.808443465,3.223,-0.282207065,0.151286136
glass_num_4,O_472_Si_643,131.4376758,175.951849,3,3,0,0.82812966,3.201,-0.260461937,0.120583775
glass_num_4,O_499_Si_658,175.3635754,167.7162957,3,3,0,1.47017975,3.193,-0.209896179,8.62E-02
glass_num_4,O_328_Si_667,159.8284929,151.1372121,4,4,0,1.235273238,3.283,-0.185935498,0.100436913
glass_num_4,O_172_Si_674,161.9641889,147.3255479,3,3,0,1.492658017,3.457,-0.207282789,9.45E-02
glass_num_4,O_406_Si_679,143.8082729,119.3678558,4,4,0,1.078622471,3.416,-0.20280347,7.38E-02
glass_num_4,O_373_Si_682,163.8104636,162.2894444,3,3,0,1.082283875,3.272,-0.174157259,5.65E-02
glass_num_4,O_193_Si_691,170.4719143,173.6007965,3,3,0,1.913100726,3.109,-0.211752524,6.92E-02
glass_num_4,O_235_Si_692,160.5149108,168.0218296,4,4,0,1.388282495,3.24,-0.253736297,5.17E-02
glass_num_6,O_94_Si_582,143.1775662,167.8457711,3,3,0,1.39855405,3.238,-0.176874895,9.23E-02
glass_num_6,O_301_Si_591,130.7248218,171.2920812,4,4,0,0.553219814,3.348,-0.162556912,0.148840702
glass_num_6,O_10_Si_602,149.3900958,161.0887424,4,4,0,1.214289732,2.99,-0.21242041,0.13286417
glass_num_6,O_514_Si_603,126.1355015,159.2265454,3,3,0,0.532417536,3.013,-0.21670725,0.203563748
glass_num_6,O_310_Si_605,133.0426497,171.7425016,3,3,0,1.432179573,3.426,-0.149372948,0.140144568
glass_num_6,O_244_Si_617,158.3339606,168.9204705,4,4,0,1.408565535,3.212,-0.245649194,8.48E-02
glass_num_6,O_421_Si_619,134.7456065,174.7472174,4,4,0,1.343646814,3.267,-0.23161433,0.125930145
glass_num_6,O_97_Si_622,145.3996089,164.1787028,4,4,0,0.74509235,3.312,-0.26620918,8.52E-02
glass_num_6,O_55_Si_625,148.9677003,156.7562565,4,4,0,1.247960107,3.438,-0.263072145,8.87E-02
glass_num_6,O_442_Si_628,142.9144964,66.35877717,4,4,0,0.487052171,3.264,-0.246420627,0.132946692
glass_num_6,O_187_Si_633,138.0359928,175.8699042,3,3,0,1.136674375,2.82,-0.212933273,0.117885858
glass_num_6,O_250_Si_634,143.5127317,167.0002852,4,4,0,1.465578735,3.265,-0.31440465,0.111203566
glass_num_6,O_295_Si_635,154.1798768,174.3031906,3,3,0,1.303375936,2.93,-0.244116367,5.57E-02
glass_num_6,O_409_Si_639,145.709541,170.9234607,3,3,0,1.072834733,3.219,-0.270066883,0.110775784
glass_num_6,O_571_Si_649,162.7735455,140.5471211,4,4,0,0.13917781,3.213,-0.305385011,8.90E-02
glass_num_6,O_265_Si_666,160.7744228,167.2167593,4,4,0,1.327105253,3.371,-0.279470627,8.59E-02
glass_num_6,O_106_Si_672,141.1890297,169.6585912,2,2,0,1.292365774,3.161,-0.209334332,0.100242834
glass_num_6,O_391_Si_674,172.3266249,154.9769677,3,3,0,1.521637251,3.486,-0.251102606,0.103902853
glass_num_6,O_379_Si_694,161.4819252,162.9677361,4,4,0,1.191311971,3.335,-0.182980344,0.13363834
glass_num_6,O_475_Si_699,158.2165418,169.58972,3,3,0,1.025386585,3.148,-0.210064847,9.79E-02
glass_num_6,O_424_Si_703,160.9288341,158.0288579,4,4,0,1.357439119,3.329,-0.26652018,7.37E-02
glass_num_6,O_58_Si_707,176.5199335,164.796223,3,3,0,1.265930007,3.359,-0.245132093,6.10E-02
glass_num_8,O_52_Si_601,171.2552847,165.4913642,4,4,0,1.531449553,3.412,-0.158374042,0.137724855
glass_num_8,O_157_Si_604,144.5627212,173.2667959,4,4,0,0.959946197,2.71,-0.257792285,0.136809159
glass_num_8,O_223_Si_610,150.4394358,162.0806712,3,3,0,1.023958122,3.337,-0.260298021,0.105546546
glass_num_8,O_487_Si_611,168.0931134,168.0685639,3,3,0,1.479545282,3.112,-0.239147545,0.101026434
glass_num_8,O_256_Si_617,132.0447772,175.5871233,3,3,0,1.205290703,3.266,-0.162298047,0.112709373
glass_num_8,O_439_Si_627,152.2432617,172.6963595,4,4,0,1.402370104,3.023,-0.192920486,0.116070871
glass_num_8,O_124_Si_631,156.2479396,172.1778487,3,3,0,1.530926016,3.041,-0.225662294,0.107616636
glass_num_8,O_139_Si_637,162.0598818,174.4063222,3,3,0,1.470182662,3.284,-0.223532923,0.101717754
glass_num_8,O_442_Si_638,139.2966147,176.3902098,4,4,0,1.040593672,2.521,-0.206154561,0.13186855
glass_num_8,O_226_Si_640,150.8575085,145.9181822,4,4,0,0.672010395,3.248,-0.208945188,0.119793953
glass_num_8,O_181_Si_652,151.5678387,175.6810166,4,4,0,1.282637826,3.298,-0.220874386,0.133987583
glass_num_8,O_187_Si_660,142.2345612,131.5089067,4,4,0,1.601217696,3.447,-0.20847284,0.111097582
glass_num_8,O_94_Si_669,141.1144456,166.5175502,3,3,0,1.448190089,3.312,-0.193728665,7.03E-02
glass_num_8,O_211_Si_672,172.6573456,161.2101499,3,3,0,0.975742673,3.481,-0.229806042,7.47E-02
glass_num_8,O_220_Si_675,151.744927,173.9080301,2,2,0,1.487678672,3.38,-0.191819081,7.23E-02
glass_num_8,O_205_Si_677,131.4649466,150.3445847,4,4,0,1.467924121,3.316,-0.175306506,0.151774263
glass_num_8,O_166_Si_680,138.1749508,168.59333,3,3,0,1.176803837,3.048,-0.206856993,8.30E-02
glass_num_8,O_541_Si_683,147.6648497,163.2800757,3,3,0,1.709886727,3.312,-0.194521453,0.106019709
glass_num_8,O_496_Si_695,165.444002,156.2045467,3,3,0,0.76984451,3.215,-0.276972073,7.30E-02
glass_num_8,O_1_Si_696,168.0259313,173.7752788,4,4,0,1.695292067,3.295,-0.270651182,8.05E-02
glass_num_8,O_268_Si_703,154.1746762,157.8088526,4,4,0,1.112515633,3.455,-0.238940018,8.92E-02
glass_num_8,O_355_Si_717,140.7064696,173.8251843,3,3,0,1.348245374,3.114,-0.199606752,0.114887544
glass_num_9,O_262_Si_603,160.3307048,172.944394,4,4,0,1.33850128,3.322,-0.174931273,0.232732374
glass_num_9,O_205_Si_609,140.9065558,165.8436387,3,3,0,0.84860483,3.074,-0.198284435,0.110339587
glass_num_9,O_217_Si_610,152.2010525,154.8825066,3,3,0,0.848457915,3.374,-0.202384016,0.158447889
glass_num_9,O_1_Si_626,157.3038647,170.5927931,3,3,0,1.765743872,3.258,-0.186213028,3.61E-02
glass_num_9,O_433_Si_657,169.0644239,171.3353665,3,3,0,1.884555748,3.458,-0.182455527,0.113688601
glass_num_9,O_574_Si_660,164.3405725,157.031322,2,2,0,1.294427667,3.479,-0.204305402,8.84E-02
glass_num_9,O_478_Si_664,146.1013639,165.3697465,4,4,0,1.582605449,3.069,-0.149994704,0.181379057
glass_num_9,O_550_Si_670,158.2775524,172.948248,3,3,0,1.588655889,2.979,-0.212735198,5.25E-02
glass_num_9,O_343_Si_670,130.0133193,166.9233073,3,3,0,1.033753433,3.434,-0.212735198,5.25E-02
glass_num_9,O_139_Si_674,151.7566486,150.4756262,3,3,0,1.443245411,3.31,-0.237282391,9.74E-02
glass_num_9,O_382_Si_677,143.154743,164.8581848,2,2,0,1.047258168,3.226,-0.171700599,9.04E-02
glass_num_9,O_109_Si_685,150.815769,170.2278124,3,3,0,1.327553973,3.056,-0.227255103,9.16E-02
glass_num_9,O_61_Si_696,156.7708967,173.5084188,4,4,0,0.905948165,3.418,-0.186397623,0.108533854
glass_num_9,O_451_Si_697,157.0876586,169.0825572,3,3,0,1.522486407,3.239,-0.221940517,9.48E-02
glass_num_9,O_64_Si_697,157.0876586,138.4675702,3,3,0,1.679430629,3.471,-0.221940517,9.48E-02
glass_num_9,O_319_Si_699,131.6744269,169.8544476,3,3,0,0.889624638,3.197,-0.196755136,0.111590127
glass_num_9,O_352_Si_701,168.8721203,163.9718877,4,4,0,1.129102662,3.262,-0.230440722,6.29E-02
glass_num_11,O_193_Si_593,154.7520948,168.3569903,2,2,0,1.433408887,3.338,-0.182386568,7.62E-02
glass_num_11,O_388_Si_601,149.6310974,176.7287478,3,3,0,1.331375487,3.171,-0.220171057,3.80E-02
glass_num_11,O_415_Si_602,133.4749161,172.7034499,4,4,0,0.554779844,3.101,-0.295624657,0.139905476
glass_num_11,O_406_Si_605,134.2654542,165.2463733,3,3,0,1.22561216,3.36,-0.1879493,0.120436269
glass_num_11,O_562_Si_605,160.0495628,175.6052892,3,3,0,1.367399804,3.325,-0.1879493,0.120436269
glass_num_11,O_271_Si_616,148.8492207,164.2961896,3,3,0,0.55114311,3.311,-0.243750998,8.95E-02
glass_num_11,O_382_Si_620,167.7460101,151.3329698,4,4,0,1.803119483,3.259,-0.150969412,7.69E-02
glass_num_11,O_145_Si_623,136.0200713,152.4027957,3,3,0,1.186267417,3.158,-0.183690546,0.104058347
glass_num_11,O_169_Si_625,148.7575443,164.2040473,4,4,0,1.484977165,3.33,-0.190897792,0.101546585
glass_num_11,O_175_Si_626,141.2469824,153.1872198,3,3,0,1.330016508,3.433,-0.20252728,0.101758293
glass_num_11,O_181_Si_645,132.8396832,168.3686069,3,3,0,1.253821421,3.23,-0.218153095,0.106108989
glass_num_11,O_454_Si_670,122.0456628,165.2657341,4,4,0,0.193493672,2.709,-0.202815347,0.171546499
glass_num_11,O_571_Si_677,162.233856,161.8511302,4,4,0,1.602033321,3.208,-0.237429255,0.114360872
glass_num_11,O_259_Si_695,157.1802467,173.6881545,3,3,0,1.000676001,3.297,-0.234139556,4.12E-02
glass_num_11,O_436_Si_712,160.7813043,160.6774202,4,4,0,0.969043187,3.279,-0.233844443,1.88E-02
glass_num_14,O_385_Si_577,156.3989844,171.7931306,3,3,0,1.519196766,2.98,-0.200660779,8.18E-02
glass_num_14,O_196_Si_601,153.8036901,169.3101292,3,3,0,1.223491951,2.937,-0.227627856,8.81E-02
glass_num_14,O_256_Si_605,143.6359229,170.8013596,3,3,0,1.5571199,3.351,-0.228240334,8.34E-02
glass_num_14,O_157_Si_607,146.0850053,170.719339,2,2,0,1.099256683,3.125,-0.205785426,6.22E-02
glass_num_14,O_496_Si_609,133.6008106,160.0127232,4,4,0,1.604467128,3.332,-0.173601734,7.58E-02
glass_num_14,O_376_Si_615,162.2724063,157.6379363,4,4,0,1.145361895,3.326,-0.1943282,9.95E-02
glass_num_14,O_277_Si_616,150.210186,167.4460763,2,2,0,1.337123062,3.474,-0.210825679,8.91E-02
glass_num_14,O_403_Si_628,145.2230464,164.3340258,4,4,0,1.871304728,3.169,-0.187146715,0.114030218
glass_num_14,O_556_Si_629,148.5334256,173.115294,4,4,0,1.423755403,2.88,-0.25363158,9.88E-02
glass_num_14,O_13_Si_634,170.9760864,165.8366369,3,3,0,1.534719759,3.386,-0.254935353,7.60E-02
glass_num_14,O_205_Si_635,168.0059535,167.620218,4,4,0,1.622132703,3.096,-0.227693396,0.121817022
glass_num_14,O_208_Si_636,137.2867972,168.2300245,3,3,0,1.508242013,3.137,-0.174886537,0.133398344
glass_num_14,O_190_Si_646,164.2879905,161.8739426,2,2,0,1.48103397,3.377,-0.240575691,7.34E-02
glass_num_14,O_262_Si_653,136.1170432,166.5017915,4,4,0,1.622792192,3.098,-0.205441814,0.119974891
glass_num_14,O_121_Si_655,141.4150992,174.9987489,3,3,0,1.092860397,2.916,-0.245954089,3.94E-02
glass_num_14,O_217_Si_655,158.8756557,152.855991,3,3,0,1.0150667,3.416,-0.245954089,3.94E-02
glass_num_14,O_529_Si_665,160.7283974,169.064161,2,2,0,1.514725959,3.25,-0.172598112,4.86E-02
glass_num_14,O_268_Si_666,157.0714245,175.7495988,2,2,0,1.454101163,3.342,-0.172867549,5.82E-02
glass_num_14,O_304_Si_666,143.3153016,154.2265809,2,2,0,1.28303829,3.358,-0.172867549,5.82E-02
glass_num_14,O_574_Si_686,125.1816944,162.0679814,3,3,0,0.698271117,3.315,-0.182721594,0.171958645
glass_num_15,O_529_Si_575,133.0186626,156.9757763,4,4,0,0.941178245,3.153,-0.241331486,0.12089296
glass_num_15,O_298_Si_585,153.9397594,165.7224489,4,4,0,0.841370788,3.079,-0.21995128,0.139049885
glass_num_15,O_28_Si_611,122.9702932,169.34014,3,3,0,0.605715423,3.442,-0.188836344,9.92E-02
glass_num_15,O_376_Si_625,163.3197153,159.9604255,4,4,0,2.397000644,3.324,-0.19146484,5.38E-02
glass_num_15,O_466_Si_626,161.2076196,165.6910995,2,2,0,1.061256346,3.262,-0.183239352,6.04E-02
glass_num_15,O_133_Si_628,144.2013283,167.5563731,4,4,0,0.965932123,3.091,-0.186325476,0.208221909
glass_num_15,O_532_Si_633,170.8836822,174.4800195,3,3,0,1.322300465,3.348,-0.234910951,6.45E-02
glass_num_15,O_175_Si_663,169.5612166,156.1999249,3,3,0,0.857455599,3.355,-0.252094721,8.20E-02
glass_num_15,O_247_Si_663,156.8096181,171.6781544,3,3,0,1.104132123,3.281,-0.252094721,8.20E-02
glass_num_15,O_355_Si_678,123.6513818,171.1292549,3,3,0,1.108900058,3.016,-0.214084965,0.191352755
glass_num_15,O_511_Si_680,158.490872,174.422487,4,4,0,1.643553117,3.213,-0.180705344,7.99E-02
glass_num_15,O_202_Si_697,152.8469919,172.9975364,3,3,0,1.281821243,3.135,-0.263673652,0.174380828
glass_num_15,O_550_Si_699,159.1087603,173.8953893,3,3,0,1.269726373,3.295,-0.219800856,5.32E-02
glass_num_15,O_292_Si_700,159.9677069,154.262621,4,4,0,0.716322839,3.467,-0.249033781,0.175216318
glass_num_15,O_79_Si_700,158.7612566,170.8879868,4,4,0,1.719899998,3.38,-0.249033781,0.175216318
glass_num_16,O_232_Si_575,175.3773966,165.314529,3,3,0,1.377299522,3.142,-0.205548358,7.68E-02
glass_num_16,O_334_Si_583,155.9763829,169.8875374,3,3,0,1.151456774,3.126,-0.243475687,0.102286711
glass_num_16,O_34_Si_602,164.8057041,160.6961274,4,4,0,1.53483465,3.003,-0.184476218,0.107552326
glass_num_16,O_166_Si_614,150.5851088,163.265219,4,4,0,1.248535171,2.785,-0.238542719,0.116075521
glass_num_16,O_193_Si_618,135.802608,158.8875937,4,4,0,1.179784462,3.416,-0.22139496,0.146785673
glass_num_16,O_106_Si_635,133.333209,166.7169107,3,3,0,1.466655142,3.343,-0.221813282,8.92E-02
glass_num_16,O_85_Si_643,163.2009364,166.4525695,2,2,0,1.183599676,3.381,-0.249089729,8.96E-02
glass_num_16,O_421_Si_646,153.3997886,150.4975259,4,4,0,1.250746026,3.379,-0.225174282,9.71E-02
glass_num_16,O_169_Si_655,137.9901106,168.9098783,3,3,0,1.087328492,3.131,-0.260840256,9.35E-02
glass_num_16,O_517_Si_662,166.4249128,160.9197911,3,3,0,0.858308089,3.298,-0.251474451,0.117720421
glass_num_16,O_115_Si_666,148.8480082,63.62644672,4,4,0,0.907139364,3.35,-0.265453169,0.103877015
glass_num_16,O_13_Si_669,138.6023756,161.1502635,4,4,0,1.14680885,3.45,-0.231791087,0.139653944
glass_num_16,O_403_Si_672,149.2098523,168.9303405,4,4,0,1.916747726,3.006,-0.180314135,8.51E-02
glass_num_16,O_283_Si_679,166.957886,161.2455839,4,4,0,1.427543263,3.127,-0.221310441,0.157982819
glass_num_16,O_160_Si_679,130.1490716,156.099287,4,4,0,0.987563839,3.016,-0.221310441,0.157982819
glass_num_16,O_217_Si_687,150.0160838,159.7254734,2,2,0,0.91112919,3.293,-0.220659492,0.117636848
glass_num_18,O_199_Si_583,143.1702927,165.291127,4,4,0,1.081750504,3.149,-0.229379701,0.14214453
glass_num_18,O_373_Si_590,144.2789596,155.0072277,4,4,0,1.399447654,3.333,-0.192376813,6.83E-02
glass_num_18,O_475_Si_596,158.7217963,164.4926938,4,4,0,1.225390908,3.418,-0.213136296,8.74E-02
glass_num_18,O_91_Si_597,156.3250947,174.1063059,4,4,0,1.410307213,3.122,-0.171646115,0.144120183
glass_num_18,O_19_Si_601,148.1823684,57.77979169,3,3,0,0.621752726,3.42,-0.222486863,0.120135
glass_num_18,O_397_Si_601,148.1823684,166.3313241,3,3,0,1.185513354,3.125,-0.222486863,0.120135
glass_num_18,O_43_Si_603,132.9537172,142.9642193,4,4,0,0.341067117,3.094,-0.260915648,0.129444371
glass_num_18,O_169_Si_611,156.7936064,151.868971,4,4,0,0.737558175,3.46,-0.225512443,8.97E-02
glass_num_18,O_94_Si_623,144.9045928,170.4663367,3,3,0,1.430118896,3.384,-0.23481338,7.88E-02
glass_num_18,O_421_Si_623,154.9086504,171.2654887,3,3,0,1.47426209,3.069,-0.23481338,7.88E-02
glass_num_18,O_76_Si_626,136.3882541,157.4755841,3,3,0,1.005914979,3.345,-0.219629335,6.54E-02
glass_num_18,O_85_Si_627,160.1289646,173.9215716,4,4,0,1.341300622,3.241,-0.232905317,0.11208446
glass_num_18,O_241_Si_627,158.1296451,162.4226956,4,4,0,1.338525897,3.313,-0.232905317,0.11208446
glass_num_18,O_526_Si_634,146.4067882,153.1028294,3,3,0,2.119963392,3.429,-0.1959485,8.57E-02
glass_num_18,O_454_Si_644,141.3775144,166.3434193,3,3,0,1.274752123,3.381,-0.229219697,0.101285416
glass_num_18,O_37_Si_648,144.2162132,139.0423449,4,4,0,0.839392841,3.471,-0.29489131,6.45E-02
glass_num_18,O_247_Si_651,147.3625065,161.5340288,3,3,0,1.107752642,3.441,-0.247791355,0.110212624
glass_num_18,O_70_Si_654,162.4837443,169.1665112,4,4,0,1.529149487,3.39,-0.192430845,0.134198283
glass_num_18,O_121_Si_656,150.337952,157.590593,3,3,0,0.931356422,3.404,-0.209452475,0.117645102
glass_num_18,O_313_Si_664,165.8998713,162.5416445,4,4,0,1.307036852,3.399,-0.131204047,0.135132728
glass_num_18,O_187_Si_666,151.4716163,175.0080861,4,4,0,1.105851701,2.965,-0.245561017,9.49E-02
glass_num_18,O_31_Si_673,160.3928601,174.2468388,4,4,0,1.029441523,3.187,-0.193207107,5.63E-02
glass_num_18,O_493_Si_687,125.0301586,144.1111517,3,3,0,1.236499566,3.499,-0.177264583,0.204408106
glass_num_18,O_532_Si_698,138.5834752,164.4985856,3,3,0,1.218802031,3.415,-0.218503217,0.114229808
glass_num_18,O_406_Si_700,145.5139467,166.8754743,4,4,0,0.969529265,3.098,-0.261895125,0.159272873
glass_num_19,O_466_Si_582,156.1514989,151.6573274,3,3,0,1.26229892,3.217,-0.217773606,6.51E-02
glass_num_19,O_502_Si_587,149.6573477,163.3782756,3,3,0,1.192899216,3.369,-0.223325938,6.83E-02
glass_num_19,O_184_Si_588,167.448338,137.0194374,4,4,0,1.51015709,3.195,-0.243775059,6.34E-02
glass_num_19,O_409_Si_595,135.6511825,174.0337282,4,4,0,1.49477229,3.242,-0.250407293,9.88E-02
glass_num_19,O_274_Si_608,168.7343466,159.9055396,3,3,0,1.557098644,3.125,-0.287835192,3.30E-02
glass_num_19,O_523_Si_610,150.4156432,51.59717312,4,4,0,1.279118233,3.419,-0.229868431,9.61E-02
glass_num_19,O_4_Si_628,140.551637,165.2834722,3,3,0,1.275507003,3.29,-0.235220321,3.98E-02
glass_num_19,O_118_Si_632,133.2563238,159.8372295,3,3,0,1.599609609,3.172,-0.214566635,0.103278763
glass_num_19,O_205_Si_637,152.2336332,168.9286752,2,2,0,1.273462142,3.297,-0.228357891,6.96E-02
glass_num_19,O_337_Si_637,152.2336332,139.0383721,2,2,0,1.201218669,3.433,-0.228357891,6.96E-02
glass_num_19,O_202_Si_641,166.5641984,168.8322762,3,3,0,1.196180229,3.097,-0.221355079,0.135142378
glass_num_19,O_460_Si_641,132.2891,168.2282845,3,3,0,1.044319853,3.015,-0.221355079,0.135142378
glass_num_19,O_112_Si_655,176.6799114,169.8922194,3,3,0,1.464732869,3.142,-0.243681875,9.97E-02
glass_num_19,O_463_Si_657,166.6500275,162.5208551,3,3,0,0.883654199,3.238,-0.229901592,0.102207992
glass_num_19,O_262_Si_658,158.5930478,170.4881164,4,4,0,1.088912137,3.043,-0.237898524,7.45E-02
glass_num_19,O_277_Si_661,145.1951957,163.9243783,4,4,0,1.121024853,3.126,-0.254943195,0.135223528
glass_num_19,O_511_Si_661,147.269404,133.5613667,4,4,0,1.59777201,3.346,-0.254943195,0.135223528
glass_num_19,O_7_Si_662,151.1823293,171.7653285,4,4,0,1.064765972,2.897,-0.21656698,9.04E-02
glass_num_19,O_493_Si_668,158.8418459,163.0523236,4,4,0,1.081613439,3.092,-0.189208216,0.170735744
glass_num_19,O_223_Si_683,174.2771816,159.8494114,4,4,0,0.589579555,3.11,-0.247021727,7.40E-02
glass_num_19,O_364_Si_690,147.6343148,163.1557734,3,3,0,1.632198281,3.419,-0.177370947,0.125474583
glass_num_19,O_325_Si_696,165.9719711,173.5050691,4,4,0,1.209122343,3.108,-0.218601147,7.22E-02
glass_num_21,O_274_Si_599,167.4481704,149.7449644,3,3,0,1.391334122,3.475,-0.208453339,6.96E-02
glass_num_21,O_100_Si_600,149.6550805,165.460429,4,4,0,1.641174556,3.383,-0.262716558,7.02E-02
glass_num_21,O_145_Si_607,162.321043,177.9415027,4,4,0,0.639886805,2.974,-0.302431955,9.85E-02
glass_num_21,O_463_Si_610,157.3053795,156.9974732,3,3,0,1.203746364,3.388,-0.2319838,6.32E-02
glass_num_21,O_76_Si_617,163.2624887,161.1901691,4,4,0,1.555842382,3.383,-0.253658802,0.134622778
glass_num_21,O_139_Si_624,145.8366927,151.6040938,3,3,0,1.307487727,3.434,-0.167318124,0.118851776
glass_num_21,O_196_Si_624,137.8158974,176.8448435,3,3,0,1.353871349,3.14,-0.167318124,0.118851776
glass_num_21,O_94_Si_628,159.736349,168.0409296,3,3,0,1.160179221,3.268,-0.294749823,0.116272193
glass_num_21,O_397_Si_628,148.025505,163.0698611,3,3,0,1.010256092,3.366,-0.294749823,0.116272193
glass_num_21,O_19_Si_630,171.8901575,168.2986231,4,4,0,1.356329352,2.789,-0.196140636,5.38E-02
glass_num_21,O_577_Si_630,150.0228815,175.8185396,4,4,0,1.535528628,3.235,-0.196140636,5.38E-02
glass_num_21,O_421_Si_637,140.4938363,159.9354685,4,4,0,0.879450801,3.195,-0.215862522,7.63E-02
glass_num_21,O_193_Si_647,154.8925442,164.8729377,4,4,0,1.796077369,3.005,-0.244978648,9.51E-02
glass_num_21,O_133_Si_653,163.2739272,169.0561551,3,3,0,0.932530529,3.225,-0.281938526,7.28E-02
glass_num_21,O_181_Si_653,160.4456953,167.4412988,3,3,0,1.071912348,3.4,-0.281938526,7.28E-02
glass_num_21,O_241_Si_671,140.3396219,176.2267254,4,4,0,1.473790691,2.876,-0.201190501,0.115187154
glass_num_21,O_271_Si_676,155.3542991,165.2812961,4,4,0,0.466869805,3.082,-0.274874592,7.02E-02
glass_num_21,O_292_Si_677,149.6123621,158.7625758,3,3,0,1.639491041,3.417,-0.218139158,9.63E-02
glass_num_21,O_61_Si_683,144.6559455,149.4211553,4,4,0,0.134532259,3.367,-0.260173937,9.33E-02
glass_num_21,O_436_Si_686,139.5038985,150.5065991,4,4,0,1.249507016,3.342,-0.269910867,0.122661597
glass_num_21,O_430_Si_693,142.4145321,164.7146106,3,3,0,1.252952787,3.429,-0.210635719,7.54E-02
glass_num_21,O_532_Si_705,165.6305693,165.8791645,4,4,0,1.87756198,3.281,-0.133875769,0.135169369
glass_num_21,O_184_Si_707,175.5629942,168.6862397,4,4,0,1.115276895,3.494,-0.208717614,0.101765133
glass_num_21,O_427_Si_707,140.4241639,175.1601431,4,4,0,1.031829884,3.308,-0.208717614,0.101765133
glass_num_21,O_124_Si_713,142.8000458,177.1352907,4,4,0,1.691783634,3.217,-0.22857019,0.107580178
glass_num_23,O_280_Si_591,145.5162427,158.1306935,4,4,0,1.367167967,3.284,-0.185218786,0.102885667
glass_num_23,O_289_Si_595,167.3550465,152.3587763,4,4,0,1.543502017,3.373,-0.223407879,9.20E-02
glass_num_23,O_73_Si_596,160.30361,168.3516863,3,3,0,1.086260939,3.486,-0.235979517,8.37E-02
glass_num_23,O_13_Si_603,153.4249933,171.9145496,3,3,0,0.989081143,3.133,-0.162756686,0.120433925
glass_num_23,O_7_Si_609,168.2968915,169.4188126,4,4,0,1.815176407,2.988,-0.214887728,7.98E-02
glass_num_23,O_451_Si_614,141.7375709,174.7069326,3,3,0,1.399340379,3.238,-0.205960516,8.06E-02
glass_num_23,O_526_Si_619,148.5549821,166.9121796,3,3,0,1.643907011,3.081,-0.245790068,6.06E-02
glass_num_23,O_559_Si_621,168.4956103,165.2761716,2,2,0,1.59087424,3.434,-0.212752469,7.12E-02
glass_num_23,O_364_Si_635,147.006093,133.855299,4,4,0,0.769967094,3.343,-0.184110458,0.111887701
glass_num_23,O_352_Si_654,150.1473038,172.0482516,4,4,0,1.440009415,3.078,-0.136575794,5.18E-02
glass_num_23,O_508_Si_657,154.8516795,165.6350494,4,4,0,1.49703302,3.24,-0.187649931,0.156978879
glass_num_23,O_166_Si_684,162.729793,154.5527233,4,4,0,1.297050587,3.462,-0.216603235,0.104672943
glass_num_23,O_379_Si_693,146.3216033,174.4351134,3,3,0,1.618087645,3.19,-0.215632618,8.89E-02
glass_num_23,O_493_Si_696,134.6454119,157.854448,4,4,0,0.729653445,3.267,-0.260417541,0.168195249
glass_num_23,O_223_Si_700,156.6217649,174.5828767,4,4,0,1.447087932,3.278,-0.175280817,0.124223854
glass_num_23,O_460_Si_707,156.401982,159.8749508,4,4,0,2.016050138,3.267,-0.126738792,0.155370869
glass_num_23,O_304_Si_713,156.7970651,168.1394926,4,4,0,0.714075121,3.425,-0.276233749,8.19E-02
glass_num_24,O_415_Si_586,174.2357834,171.1015828,3,3,0,0.651016546,3.493,-0.277793339,0.13385114
glass_num_24,O_376_Si_593,142.8355228,65.17666545,2,2,0,0.9176724,3.297,-0.205595514,8.58E-02
glass_num_24,O_142_Si_596,158.4234388,166.7507844,4,4,0,1.244382668,3.032,-0.248737727,4.59E-02
glass_num_24,O_454_Si_597,164.1976927,135.3006083,4,4,0,1.32554541,3.285,-0.216909096,7.32E-02
glass_num_24,O_460_Si_598,137.6234665,175.8802369,3,3,0,1.282101286,3.175,-0.206569011,7.30E-02
glass_num_24,O_442_Si_603,148.5110346,159.3419914,3,3,0,0.995000993,3.381,-0.245359317,8.54E-02
glass_num_24,O_130_Si_611,169.949449,160.5883108,4,4,0,0.788274468,3.174,-0.312764638,8.10E-02
glass_num_24,O_343_Si_628,159.5630351,172.1645819,4,4,0,1.251035466,2.937,-0.185143654,7.47E-02
glass_num_24,O_385_Si_632,137.8803233,169.2861377,3,3,0,1.045284446,3.164,-0.166458635,0.147881915
glass_num_24,O_37_Si_639,136.7084856,164.8544606,4,4,0,0.313145674,3.411,-0.278666941,0.101743985
glass_num_24,O_424_Si_647,164.9595228,168.0917246,4,4,0,1.956256707,3.147,-0.256152843,4.94E-02
glass_num_24,O_514_Si_648,153.5234728,165.7927563,4,4,0,1.37829925,3.073,-0.293810603,8.71E-02
glass_num_24,O_571_Si_665,152.6398988,174.6272574,4,4,0,0.449558251,2.987,-0.263541879,6.54E-02
glass_num_24,O_232_Si_667,161.2397919,145.2007133,4,4,0,1.636650376,3.314,-0.251548233,9.66E-02
glass_num_24,O_19_Si_671,147.7718006,162.384162,4,4,0,1.261284129,3.402,-0.232775167,9.85E-02
glass_num_24,O_76_Si_691,162.0384761,162.8234609,3,3,0,1.531413635,3.323,-0.303394895,7.67E-02
glass_num_24,O_502_Si_694,179.1695955,163.5968211,4,4,0,1.263310783,3.211,-0.280875653,6.62E-02
glass_num_24,O_136_Si_695,152.6360848,177.2173123,2,2,0,1.190632978,3.309,-0.226926003,3.56E-02
glass_num_24,O_100_Si_696,152.1588392,166.3000828,4,4,0,1.080154738,2.944,-0.28424773,8.67E-02
glass_num_24,O_34_Si_696,161.6798148,147.4086418,4,4,0,0.988670461,3.46,-0.28424773,8.67E-02
glass_num_24,O_85_Si_698,136.8064694,161.6845762,3,3,0,1.399191271,3.419,-0.17448774,0.172580348
glass_num_24,O_169_Si_701,160.1607024,173.8267161,3,3,0,1.169028653,3.094,-0.19866334,4.57E-02
glass_num_24,O_64_Si_709,164.1213567,179.0594016,3,3,0,1.452114602,3.079,-0.231938423,6.09E-02
glass_num_24,O_403_Si_712,137.2407112,163.8585607,4,4,0,1.721840887,3.211,-0.221173312,9.88E-02
glass_num_25,O_520_Si_603,139.0311754,172.0167142,4,4,0,1.030864255,3.441,-0.185965401,0.137342077
glass_num_25,O_112_Si_610,129.7325973,146.9027126,3,3,0,1.107883912,3.429,-0.209434278,7.44E-02
glass_num_25,O_301_Si_611,169.5365077,168.8483354,4,4,0,0.85728177,3.153,-0.216758254,6.57E-02
glass_num_25,O_397_Si_633,123.5785881,141.2970691,4,4,0,0.362203094,3.397,-0.203959171,0.107554115
glass_num_25,O_130_Si_636,178.2371308,159.1865259,4,4,0,1.515306148,3.397,-0.283593445,3.79E-02
glass_num_25,O_487_Si_639,173.5506365,156.155043,3,3,0,1.303574135,3.38,-0.199144595,5.63E-02
glass_num_25,O_214_Si_655,138.036726,158.6867551,4,4,0,1.552279586,3.445,-0.155157851,0.199475768
glass_num_25,O_304_Si_659,141.0054639,162.7700575,4,4,0,1.707609524,3.443,-0.164456175,0.115378407
glass_num_25,O_277_Si_679,159.0114392,154.3104297,4,4,0,1.524223834,3.3,-0.237293864,9.51E-02
glass_num_25,O_505_Si_680,146.7540742,174.6040595,3,3,0,1.237479997,3.027,-0.178541163,0.100802696
glass_num_25,O_94_Si_681,136.9473002,172.8859297,3,3,0,1.553010727,3.306,-0.16530242,6.99E-02
glass_num_25,O_52_Si_684,159.5824781,166.0221037,3,3,0,1.325307804,3.417,-0.266356116,0.127237122
glass_num_25,O_145_Si_684,150.0988641,165.7650342,3,3,0,1.056585642,3.333,-0.266356116,0.127237122
glass_num_25,O_511_Si_688,140.1639851,170.1079258,4,4,0,1.194013546,3.025,-0.171432119,0.139334757
glass_num_25,O_334_Si_702,151.5066693,163.8658369,4,4,0,1.565569888,3.314,-0.234034191,8.90E-02
glass_num_25,O_385_Si_703,161.3665251,165.8865215,3,3,0,1.362674735,3.306,-0.212604904,7.73E-02
glass_num_25,O_142_Si_705,133.790674,156.1135078,3,3,0,1.121533644,3.325,-0.199689563,2.78E-02
glass_num_25,O_175_Si_718,130.0908113,176.0358754,4,4,0,0.624064862,3.203,-0.238343038,0.15502695
glass_num_25,O_100_Si_720,150.0988641,166.8571221,3,3,0,0.896377914,3.285,-0.193491678,0.180439762
glass_num_25,O_469_Si_722,129.9348015,174.4189915,4,4,0,1.176288073,2.941,-0.225440781,0.143768002
glass_num_25,O_46_Si_723,133.4278207,155.6780319,4,4,0,1.505268052,3.296,-0.19844007,0.117548662
glass_num_27,O_52_Si_602,171.6341495,164.9694847,4,4,0,1.780668967,3.419,-0.207869954,0.158346929
glass_num_27,O_277_Si_605,160.9733384,143.2496715,4,4,0,0.315579619,3.127,-0.208700605,7.11E-02
glass_num_27,O_370_Si_609,155.4433341,169.7202922,4,4,0,1.630269841,3.231,-0.198092425,0.10967422
glass_num_27,O_139_Si_622,148.027565,167.9636663,4,4,0,0.714933711,2.946,-0.223605337,8.66E-02
glass_num_27,O_85_Si_637,128.3546652,168.4155845,4,4,0,1.59813074,3.089,-0.174784172,0.194052758
glass_num_27,O_436_Si_642,149.8273771,163.3825426,3,3,0,0.930153247,3.203,-0.223349592,0.171261395
glass_num_27,O_514_Si_646,151.6841948,169.5372474,4,4,0,1.498468161,2.892,-0.200098214,0.128516144
glass_num_27,O_37_Si_649,145.4122137,168.2319939,4,4,0,1.265261122,3.258,-0.254071103,0.111565309
glass_num_27,O_13_Si_665,149.4247789,129.264209,3,3,0,1.220267735,3.374,-0.24241717,8.38E-02
glass_num_27,O_382_Si_665,149.4247789,164.4349589,3,3,0,1.208364169,3.372,-0.24241717,8.38E-02
glass_num_27,O_247_Si_670,156.7874919,172.7933208,4,4,0,1.145142425,3.054,-0.237447687,0.101727071
glass_num_27,O_388_Si_685,145.4567279,161.2905889,4,4,0,1.332892006,3.195,-0.217894732,0.114950022
glass_num_27,O_535_Si_686,149.7675477,173.5308941,4,4,0,0.967437053,3.009,-0.247779929,6.77E-02
glass_num_27,O_262_Si_697,135.2611809,147.9736427,4,4,0,0.795196142,3.386,-0.21004182,0.116760533
glass_num_27,O_205_Si_704,150.6673037,168.4297226,4,4,0,1.583606579,3.16,-0.162726158,0.14562659
glass_num_27,O_520_Si_709,167.5218219,168.1557797,3,3,0,1.283441826,3.222,-0.216787031,0.124191008
glass_num_27,O_295_Si_711,146.2267173,163.8151221,4,4,0,1.206464803,3.174,-0.238804377,7.84E-02
glass_num_27,O_550_Si_713,161.0619251,163.1931788,4,4,0,1.063241957,3.073,-0.29742303,8.54E-02
glass_num_27,O_175_Si_715,155.037038,172.5701869,4,4,0,0.895990452,3.154,-0.322376834,0.113542774
glass_num_29,O_511_Si_606,164.2176401,161.3114207,3,3,0,1.607231507,3.262,-0.27399618,8.40E-02
glass_num_29,O_94_Si_610,128.0842863,154.5875483,3,3,0,0.295836176,3.305,-0.189828933,0.157334648
glass_num_29,O_187_Si_616,160.5758987,173.1088698,2,2,0,1.182261744,3.243,-0.204928617,7.73E-02
glass_num_29,O_130_Si_626,152.948901,161.462437,3,3,0,0.900134442,3.449,-0.246710489,0.114063392
glass_num_29,O_385_Si_635,136.0851734,151.7998717,4,4,0,0.779828132,3.312,-0.183745321,0.114812235
glass_num_29,O_361_Si_637,128.1724931,139.7118341,2,2,0,1.243578593,3.409,-0.181495882,0.109999294
glass_num_29,O_259_Si_645,145.9862015,163.4823488,4,4,0,1.654250717,3.209,-0.278764224,7.92E-02
glass_num_29,O_190_Si_649,161.7308051,154.7354392,2,2,0,0.587048949,3.192,-0.204474051,7.54E-02
glass_num_29,O_406_Si_654,154.9993014,170.3130896,4,4,0,1.193134562,2.992,-0.269744673,6.04E-02
glass_num_29,O_19_Si_659,148.5013142,161.0635886,4,4,0,1.145496383,3.404,-0.224557421,8.88E-02
glass_num_29,O_331_Si_660,146.4409635,161.980247,3,3,0,1.191509586,3.052,-0.193132591,0.100762264
glass_num_29,O_4_Si_661,143.5679426,154.9512572,4,4,0,1.500415881,3.255,-0.137037031,0.117918361
glass_num_29,O_346_Si_671,160.4291256,173.754204,3,3,0,1.191507039,3.108,-0.269651594,8.16E-02
glass_num_29,O_1_Si_672,143.8042606,172.5790234,4,4,0,1.405226603,3.2,-0.24231947,0.162076093
glass_num_29,O_286_Si_673,153.8408796,155.6227113,4,4,0,0.644068096,3.458,-0.206079348,9.57E-02
glass_num_29,O_535_Si_675,176.9446552,166.328841,4,4,0,1.030278794,3.248,-0.283604338,8.47E-02
glass_num_29,O_13_Si_676,138.0373339,170.1924241,4,4,0,1.473055721,3.125,-0.178363992,0.167218212
glass_num_29,O_181_Si_696,162.8808878,165.5160518,3,3,0,1.161585531,3.466,-0.290303371,0.137114207
glass_num_29,O_292_Si_698,154.7549988,170.4918782,3,3,0,1.485244296,3.405,-0.245344298,9.26E-02
glass_num_29,O_583_Si_698,160.4291256,155.5982018,3,3,0,0.918025635,3.356,-0.245344298,9.26E-02
glass_num_29,O_127_Si_707,160.1185306,166.1451345,3,3,0,1.353314712,3.297,-0.238465453,6.42E-02
glass_num_29,O_208_Si_711,124.9096773,174.3990512,3,3,0,1.201798467,3.12,-0.21048733,0.147384839
glass_num_29,O_526_Si_714,131.1595101,169.7041643,3,3,0,1.335323935,3.351,-0.229206781,8.06E-02
glass_num_30,O_7_Si_577,166.3070214,161.824274,3,3,0,1.418796626,3.377,-0.311849268,0.11211353
glass_num_30,O_46_Si_580,178.3289579,174.9017264,3,3,0,1.496664088,3.145,-0.23066205,0.109624771
glass_num_30,O_151_Si_585,161.2899331,150.7035122,4,4,0,1.100904711,3.411,-0.232779338,5.07E-02
glass_num_30,O_100_Si_593,173.5668,171.2610929,3,3,0,1.528205634,3.142,-0.25833428,5.51E-02
glass_num_30,O_460_Si_598,163.224299,171.2685797,4,4,0,1.414614893,3.236,-0.28289073,9.88E-02
glass_num_30,O_49_Si_612,136.2029692,155.7156029,4,4,0,1.192180017,3.034,-0.206839669,0.123892304
glass_num_30,O_106_Si_619,143.9666735,172.6279445,3,3,0,1.233825316,3.061,-0.272640217,0.122011681
glass_num_30,O_565_Si_633,142.8269723,71.50145932,4,4,0,0.738880997,2.832,-0.245389054,0.168303563
glass_num_30,O_178_Si_641,167.7495157,154.0797198,4,4,0,1.105687514,3.407,-0.26964693,7.39E-02
glass_num_30,O_10_Si_643,151.6519148,170.0850657,4,4,0,1.092063606,3.252,-0.259859361,0.114981393
glass_num_30,O_391_Si_646,165.5201958,168.5712902,4,4,0,1.345623669,3.183,-0.202172657,0.137834779
glass_num_30,O_133_Si_652,158.524868,167.0320256,4,4,0,1.225565193,3.206,-0.250468479,0.1526617
glass_num_30,O_187_Si_655,171.6410446,176.5185548,4,4,0,1.075485545,3.357,-0.277058861,0.141412072
glass_num_30,O_124_Si_657,162.0433334,168.7757532,3,3,0,1.592249023,2.999,-0.263080704,5.44E-02
glass_num_30,O_91_Si_663,169.7952321,173.1672272,4,4,0,0.712560517,2.873,-0.219074957,8.54E-02
glass_num_30,O_463_Si_691,167.6325928,171.65708,3,3,0,1.335068173,2.964,-0.180310802,5.21E-02
glass_num_30,O_502_Si_696,128.9377134,48.89956634,3,3,0,0.605775609,3.454,-0.217295836,0.181586292
glass_num_30,O_121_Si_701,141.1312507,169.570457,4,4,0,0.780263351,3.133,-0.235560946,0.107907266
glass_num_31,O_274_Si_574,167.6311182,167.988898,3,3,0,1.53447294,3.318,-0.23875622,8.96E-02
glass_num_31,O_568_Si_585,163.3802297,167.0778033,4,4,0,1.74975162,3.106,-0.255281198,8.37E-02
glass_num_31,O_268_Si_603,144.6302939,158.1789577,3,3,0,1.464239554,3.434,-0.178820857,0.110717246
glass_num_31,O_211_Si_605,129.9877993,168.271848,4,4,0,1.170967138,3.352,-0.207978714,5.60E-02
glass_num_31,O_58_Si_606,142.9670852,168.6067836,4,4,0,0.913374173,2.969,-0.265672049,0.141982312
glass_num_31,O_91_Si_628,133.4525538,161.7495023,3,3,0,0.990542052,3.343,-0.224680402,0.107938268
glass_num_31,O_196_Si_645,155.9345667,167.2603766,3,3,0,1.238960658,3.16,-0.22830344,9.32E-02
glass_num_31,O_508_Si_645,138.1515779,166.7250213,3,3,0,0.578370965,3.101,-0.22830344,9.32E-02
glass_num_31,O_226_Si_646,141.8674732,160.2074434,4,4,0,0.981423357,3.193,-0.214822848,0.110840365
glass_num_31,O_472_Si_653,138.9694001,173.0040709,3,3,0,0.747752799,3.062,-0.283608761,9.88E-02
glass_num_31,O_175_Si_665,166.1637533,173.2169815,4,4,0,1.431337504,3.267,-0.222362339,9.25E-02
glass_num_31,O_229_Si_667,141.8674732,63.74820883,4,4,0,0.779035234,3.401,-0.19414692,6.96E-02
glass_num_31,O_247_Si_669,143.5951617,163.1293015,3,3,0,1.058115655,3.38,-0.194870181,9.36E-02
glass_num_31,O_511_Si_670,138.9694001,165.1960476,3,3,0,0.757558905,3.318,-0.300821864,0.112055124
glass_num_31,O_343_Si_673,155.7380995,159.3102816,3,3,0,1.303319161,3.379,-0.237022355,6.48E-02
glass_num_31,O_355_Si_676,167.1331074,169.3340049,3,3,0,1.486349232,3.469,-0.218678718,9.78E-02
glass_num_31,O_154_Si_678,146.2685016,163.0656432,4,4,0,0.926936263,3.112,-0.178776118,0.154719094
glass_num_31,O_409_Si_687,144.7029465,168.7268318,4,4,0,1.187339847,3.138,-0.213487933,9.16E-02
glass_num_31,O_493_Si_700,143.4908624,162.0762472,3,3,0,1.30509483,3.257,-0.215559729,0.115262418
glass_num_32,O_133_Si_586,155.0553746,158.0274474,4,4,0,0.915363884,3.47,-0.20781515,0.116007202
glass_num_32,O_499_Si_590,133.4538851,50.76259212,3,3,0,1.363026248,3.47,-0.249031621,0.139525465
glass_num_32,O_466_Si_610,167.4625669,59.69882114,4,4,0,0.202181737,3.223,-0.2962568,0.123866973
glass_num_32,O_577_Si_610,137.9451678,163.5316484,4,4,0,0.305538125,3.487,-0.2962568,0.123866973
glass_num_32,O_175_Si_617,140.1427236,132.5929013,4,4,0,2.025635658,3.421,-0.206506638,0.133736529
glass_num_32,O_187_Si_619,147.4066383,172.5213494,4,4,0,0.716483069,3.451,-0.309708937,0.10165734
glass_num_32,O_97_Si_629,151.6708614,158.4003566,4,4,0,1.152261032,3.209,-0.204170088,8.60E-02
glass_num_32,O_85_Si_633,171.3396853,161.3524873,3,3,0,1.279339071,3.368,-0.251513303,8.71E-02
glass_num_32,O_55_Si_635,161.6496034,160.8716413,4,4,0,0.894657357,3.434,-0.171708025,9.09E-02
glass_num_32,O_556_Si_647,127.8804708,152.9919346,4,4,0,0.41563354,3.318,-0.230184093,0.112043371
glass_num_32,O_409_Si_651,161.2781316,161.9900058,4,4,0,1.096547282,3.393,-0.183755728,0.102288225
glass_num_32,O_220_Si_663,137.1954123,169.0428967,4,4,0,0.78556071,3.135,-0.207390757,9.57E-02
glass_num_32,O_214_Si_683,150.5426882,178.4604806,4,4,0,0.72085148,3.216,-0.159542021,0.142802421
glass_num_32,O_334_Si_685,148.2425527,178.496704,3,3,0,1.342257536,3.307,-0.287545951,6.80E-02
glass_num_32,O_388_Si_686,137.7416495,169.1235868,4,4,0,1.255594657,3.33,-0.180636853,7.96E-02
glass_num_32,O_571_Si_688,156.7849808,164.6004879,3,3,0,1.673682717,3.323,-0.229366134,7.75E-02
glass_num_32,O_166_Si_697,172.329796,165.6690981,4,4,0,1.672204767,3.212,-0.260791904,0.100243663
glass_num_32,O_253_Si_699,175.4240014,169.7123068,4,4,0,1.082057069,3.08,-0.214962521,9.26E-02
glass_num_32,O_529_Si_699,142.2955959,57.57166633,4,4,0,0.963452569,3.345,-0.214962521,9.26E-02
glass_num_33,O_283_Si_584,141.1840846,171.7715695,3,3,0,0.993683518,3.045,-0.212338665,7.61E-02
glass_num_33,O_49_Si_597,140.4019002,172.7459122,4,4,0,1.023758579,3.201,-0.291847204,3.48E-02
glass_num_33,O_406_Si_620,167.8696118,168.117158,3,3,0,1.405202444,3.07,-0.245675274,8.24E-02
glass_num_33,O_142_Si_622,167.6571242,169.3307164,4,4,0,0.54723065,3.028,-0.278476884,4.68E-02
glass_num_33,O_403_Si_647,153.5076947,175.1936666,3,3,0,1.037087662,3.099,-0.312532516,6.83E-02
glass_num_33,O_169_Si_651,161.3539088,174.63432,4,4,0,1.453807487,3.482,-0.261334907,2.27E-02
glass_num_33,O_430_Si_657,175.7251643,177.6224931,3,3,0,1.231397273,3.259,-0.238174718,6.01E-02
glass_num_33,O_451_Si_666,167.8696118,175.0345627,3,3,0,1.132704673,3.117,-0.171066854,0.139228264
glass_num_33,O_514_Si_671,153.2881182,169.7683183,4,4,0,1.643861282,3.32,-0.171154086,0.177543847
glass_num_33,O_553_Si_676,145.3713725,159.9378061,3,3,0,1.396353482,3.494,-0.240582382,9.15E-02
glass_num_33,O_118_Si_695,137.8208115,146.8427286,2,2,0,0.996077948,3.38,-0.192330001,0.127473459
glass_num_33,O_259_Si_695,137.8208115,138.735278,2,2,0,1.109867777,3.499,-0.192330001,0.127473459
glass_num_33,O_511_Si_696,153.1587633,162.5075287,4,4,0,1.598534546,3.133,-0.166561967,0.102689535
glass_num_33,O_496_Si_698,150.0689049,166.6363843,3,3,0,1.274400071,3.365,-0.272040975,7.64E-02
glass_num_33,O_70_Si_703,160.5959968,176.1207241,4,4,0,1.421128947,3.222,-0.217252428,9.57E-02
glass_num_34,O_151_Si_595,175.0107149,176.566952,4,4,0,1.382392157,3.214,-0.197173952,0.150878036
glass_num_34,O_358_Si_596,144.7494492,169.6035449,4,4,0,1.161105581,2.957,-0.221794178,0.1490855
glass_num_34,O_337_Si_599,124.6419389,152.7298423,3,3,0,0.827698288,3.24,-0.185338833,0.185683865
glass_num_34,O_268_Si_605,147.8319033,159.370494,4,4,0,0.787315734,3.027,-0.137646216,0.184075202
glass_num_34,O_100_Si_628,131.5382611,158.2132272,3,3,0,1.083984846,3.484,-0.206263071,0.159016432
glass_num_34,O_286_Si_633,151.8696918,169.8461125,3,3,0,1.090412157,3.183,-0.232735462,7.68E-02
glass_num_34,O_577_Si_637,130.4018127,153.2374025,4,4,0,0.781653654,3.239,-0.189927447,0.142377347
glass_num_34,O_529_Si_646,172.2778493,168.368107,4,4,0,0.723339379,3.129,-0.240249869,2.99E-02
glass_num_34,O_28_Si_650,148.0269111,144.7278625,3,3,0,1.299097445,3.412,-0.193583245,8.97E-02
glass_num_34,O_253_Si_651,173.1967492,169.3233738,4,4,0,0.83815888,2.973,-0.166327042,0.176002116
glass_num_34,O_49_Si_652,131.7180807,161.2170207,2,2,0,1.278295378,3.236,-0.131167259,0.109586546
glass_num_34,O_7_Si_659,132.7085843,162.2979253,4,4,0,0.341568809,2.763,-0.230401252,0.148540808
glass_num_34,O_391_Si_659,129.2303489,64.78912844,4,4,0,0.574021153,3.162,-0.230401252,0.148540808
glass_num_34,O_322_Si_671,143.5501239,156.5307935,4,4,0,1.377567444,3.3,-0.206076435,7.49E-02
glass_num_34,O_118_Si_672,154.8641717,173.9033041,3,3,0,1.377443876,2.935,-0.203724539,8.02E-02
glass_num_34,O_436_Si_682,141.46556,168.4960801,4,4,0,1.777451641,3.324,-0.249448948,0.104492778
glass_num_34,O_427_Si_684,148.8202382,171.9531888,4,4,0,1.636128434,3.435,-0.200771837,5.60E-02
glass_num_34,O_352_Si_686,151.4351333,133.2796767,3,3,0,1.313956469,3.459,-0.249255188,6.88E-02
glass_num_34,O_316_Si_689,144.2757463,153.0547158,4,4,0,0.835099193,3.445,-0.25182953,0.123445832
glass_num_34,O_103_Si_694,171.2085772,165.1138097,3,3,0,1.039147703,3.357,-0.20503944,8.55E-02
glass_num_34,O_424_Si_701,161.9230311,153.3807247,4,4,0,1.383876694,3.181,-0.202994857,6.24E-02
glass_num_34,O_37_Si_702,151.9798767,174.6208335,4,4,0,1.277759161,3.193,-0.214255996,0.129078252
glass_num_34,O_331_Si_703,148.038149,136.7670196,3,3,0,1.100893298,3.46,-0.227102727,0.126788079
glass_num_35,O_559_Si_597,153.1966953,166.1281006,3,3,0,1.020193754,3.416,-0.257513565,0.16474658
glass_num_35,O_100_Si_611,133.3340382,165.3124712,3,3,0,1.49049302,3.24,-0.182668969,5.73E-02
glass_num_35,O_28_Si_615,171.339176,153.4899382,4,4,0,0.323264288,3.178,-0.263171082,4.43E-02
glass_num_35,O_328_Si_642,152.5589571,167.6275634,4,4,0,0.845113829,3.053,-0.286504719,0.160535503
glass_num_35,O_343_Si_659,149.9863131,172.6884139,4,4,0,1.496324488,3.335,-0.200613587,7.03E-02
glass_num_35,O_40_Si_663,147.3542065,175.9760449,4,4,0,1.225060814,3.263,-0.19532466,0.120890754
glass_num_35,O_157_Si_675,147.485423,158.1417496,4,4,0,1.613996839,3.35,-0.226799563,4.40E-02
glass_num_35,O_250_Si_679,161.0525458,160.4983896,3,3,0,0.766471668,3.367,-0.237513033,7.73E-02
glass_num_35,O_550_Si_694,141.719986,155.57989,3,3,0,1.170923783,3.306,-0.22996554,9.05E-02
glass_num_35,O_67_Si_696,161.2199506,156.0483905,3,3,0,0.841001614,3.183,-0.248888873,8.45E-02
glass_num_35,O_52_Si_698,166.147134,152.9338349,4,4,0,1.104615633,3.281,-0.219738192,0.107279524
glass_num_35,O_481_Si_698,150.3797193,170.9356335,4,4,0,1.240454947,3.248,-0.219738192,0.107279524
glass_num_35,O_370_Si_706,155.7800086,167.7217865,4,4,0,1.391775817,3.44,-0.23290561,0.131370257
glass_num_35,O_382_Si_706,161.818417,159.2319339,4,4,0,1.040938546,3.336,-0.23290561,0.131370257
glass_num_35,O_49_Si_707,148.8035048,146.3454758,4,4,0,1.400935513,3.461,-0.286921571,5.44E-02
glass_num_35,O_109_Si_713,136.8035645,164.0328405,4,4,0,0.96820117,2.979,-0.288228633,9.00E-02
glass_num_35,O_301_Si_720,144.8230399,164.2506883,4,4,0,1.198864985,3.099,-0.239919881,5.23E-02
glass_num_36,O_337_Si_607,132.5657312,171.2056781,4,4,0,1.292848746,2.865,-0.203309156,0.143045988
glass_num_36,O_460_Si_629,159.7038085,169.3327823,3,3,0,1.195746722,3.302,-0.224168362,5.68E-02
glass_num_36,O_160_Si_638,170.6482553,173.6757918,4,4,0,1.219187018,3.211,-0.282859848,4.89E-02
glass_num_36,O_232_Si_641,151.332544,136.5949417,4,4,0,1.782862985,3.331,-0.188035896,0.247457777
glass_num_36,O_289_Si_642,150.688539,167.0543646,3,3,0,1.289558277,3.472,-0.276125288,7.96E-02
glass_num_36,O_592_Si_642,163.8042413,167.4830491,3,3,0,1.252392609,3.273,-0.276125288,7.96E-02
glass_num_36,O_529_Si_646,132.2906958,162.551781,4,4,0,1.210570368,3.395,-0.214680151,0.153997376
glass_num_36,O_313_Si_649,167.7249739,159.7235972,4,4,0,1.802825942,3.248,-0.276057693,8.42E-02
glass_num_36,O_121_Si_656,131.1724155,141.9775829,3,3,0,0.717702529,3.5,-0.201523564,0.147933722
glass_num_36,O_424_Si_658,134.2815365,165.5054975,4,4,0,0.790005209,3.209,-0.227875085,0.116000414
glass_num_36,O_166_Si_658,136.3995374,134.8227855,4,4,0,0.867208856,3.183,-0.227875085,0.116000414
glass_num_36,O_1_Si_662,142.2860719,163.0684991,4,4,0,1.188412204,3.484,-0.237596356,5.51E-02
glass_num_36,O_457_Si_663,139.2501128,153.6051263,4,4,0,1.016360696,3.151,-0.201010993,0.125062042
glass_num_36,O_427_Si_664,151.6642872,170.9688987,4,4,0,0.951732161,2.896,-0.283100365,7.40E-02
glass_num_36,O_91_Si_671,124.3754783,178.1955419,3,3,0,0.945710295,3.3,-0.206763311,0.191532603
glass_num_36,O_343_Si_683,128.6151714,158.4018926,3,3,0,0.819612323,3.333,-0.207469718,0.211547327
glass_num_36,O_385_Si_698,144.0037785,179.0519885,4,4,0,0.673538122,3.049,-0.216040584,0.147502932
glass_num_36,O_454_Si_698,135.0219573,177.9704022,4,4,0,0.960279342,3.157,-0.216040584,0.147502932
glass_num_36,O_274_Si_699,162.5705403,165.3621626,4,4,0,1.213013539,3.081,-0.232314382,0.110327773
glass_num_36,O_217_Si_701,156.4475542,168.7312474,3,3,0,1.467240383,3.414,-0.199321333,8.67E-02
glass_num_36,O_397_Si_703,163.723633,171.9843419,3,3,0,1.056252259,3.404,-0.192071836,0.128018661
glass_num_36,O_55_Si_706,152.413026,162.0232207,4,4,0,1.378307846,3.057,-0.248032664,8.11E-02
glass_num_36,O_331_Si_710,167.3317808,171.1438878,4,4,0,1.181459938,3.051,-0.218694712,5.79E-02
glass_num_36,O_601_Si_711,140.3198771,175.4626553,4,4,0,1.51461338,3.005,-0.229383506,6.08E-02
glass_num_36,O_322_Si_714,143.1746014,173.4136206,4,4,0,1.326660165,3.428,-0.255796968,8.71E-02
glass_num_36,O_211_Si_718,143.4437198,147.1428735,4,4,0,1.30196745,3.344,-0.226012561,0.169201501
glass_num_36,O_541_Si_729,137.724171,169.4343377,4,4,0,0.788205789,3.419,-0.25269644,0.153041378
glass_num_37,O_121_Si_600,159.8852698,164.9450237,4,4,0,1.284226548,3.021,-0.196752353,8.20E-02
glass_num_37,O_190_Si_608,156.4767473,158.0875808,3,3,0,0.939913675,3.345,-0.198374262,5.97E-02
glass_num_37,O_196_Si_613,148.0564649,172.0091968,4,4,0,1.258095034,3.263,-0.193266153,0.111058312
glass_num_37,O_163_Si_615,162.1107207,166.6321492,3,3,0,1.93951189,3.275,-0.191215703,9.76E-02
glass_num_37,O_340_Si_615,147.3519738,176.5922903,3,3,0,1.407943153,3.184,-0.191215703,9.76E-02
glass_num_37,O_199_Si_624,164.4450778,169.0152873,4,4,0,1.380670241,3.364,-0.200900024,9.62E-02
glass_num_37,O_112_Si_630,160.8796204,142.0226016,3,3,0,1.362963501,3.455,-0.208203598,8.81E-02
glass_num_37,O_511_Si_636,148.4196328,175.0975836,3,3,0,1.114419745,2.996,-0.17002185,9.31E-02
glass_num_37,O_451_Si_660,152.2665155,154.3900804,4,4,0,1.430420439,3.211,-0.15057355,5.98E-02
glass_num_37,O_259_Si_662,148.9066213,170.0866355,4,4,0,1.248913548,3.088,-0.252970228,6.89E-02
glass_num_37,O_469_Si_678,155.9288577,169.3239275,4,4,0,0.852272029,3.389,-0.253801195,0.127107026
glass_num_37,O_520_Si_682,135.3220989,165.843109,4,4,0,1.756377219,2.96,-0.19988494,0.112145253
glass_num_37,O_277_Si_684,136.593454,175.0369544,4,4,0,1.153487226,3.124,-0.205715211,8.39E-02
glass_num_37,O_316_Si_688,138.4236791,170.5457792,3,3,0,1.469198047,3.35,-0.21946254,7.66E-02
glass_num_37,O_229_Si_691,173.8274077,178.0778471,4,4,0,1.426998814,3.033,-0.189028747,0.192659344
glass_num_37,O_550_Si_698,130.2503232,155.6374778,3,3,0,0.912716937,3.186,-0.23906159,0.12146995
glass_num_37,O_64_Si_701,164.4416058,175.2534665,4,4,0,1.626625725,3.019,-0.178604876,0.135059523
glass_num_37,O_40_Si_706,130.4179983,169.2508184,3,3,0,0.788446719,3.201,-0.209088686,0.128614025
glass_num_37,O_565_Si_709,123.1836179,52.66111645,4,4,0,0.699383662,3.463,-0.11428777,0.196608174
glass_num_37,O_430_Si_711,143.6265129,168.3618138,2,2,0,1.727883557,3.298,-0.184315579,3.29E-02
glass_num_37,O_487_Si_715,139.897931,152.0707933,3,3,0,1.405391217,3.2,-0.146062962,8.56E-02
glass_num_38,O_406_Si_593,150.2793768,165.3681588,3,3,0,1.069005682,3.274,-0.244009935,0.129289888
glass_num_38,O_205_Si_597,158.1920521,178.7165301,4,4,0,1.039771755,3.096,-0.21769417,6.99E-02
glass_num_38,O_553_Si_600,174.3568181,160.2816244,4,4,0,1.114231241,3.484,-0.354107629,7.12E-02
glass_num_38,O_274_Si_603,159.0616305,151.9424371,4,4,0,1.099040402,3.35,-0.198397385,0.121810219
glass_num_38,O_226_Si_610,140.3258616,156.3264279,3,3,0,0.710946479,3.365,-0.231835379,0.118432135
glass_num_38,O_487_Si_623,142.1543759,155.4527835,4,4,0,1.657495019,3.198,-0.229123692,0.144483033
glass_num_38,O_400_Si_625,171.7275315,163.3868905,3,3,0,1.157662292,3.218,-0.310938258,4.18E-02
glass_num_38,O_46_Si_627,162.7406504,167.4195485,4,4,0,1.149947727,3.084,-0.273779225,0.123247367
glass_num_38,O_211_Si_627,139.1722144,175.7226442,4,4,0,1.067019846,2.912,-0.273779225,0.123247367
glass_num_38,O_322_Si_630,156.5617124,171.9243514,3,3,0,1.360811283,3.339,-0.271468301,0.152304769
glass_num_38,O_277_Si_637,143.8919915,149.1629624,4,4,0,1.00137763,3.343,-0.271219892,0.124541687
glass_num_38,O_196_Si_640,142.1728829,158.8055699,4,4,0,0.765979212,2.795,-0.159814415,0.167280168
glass_num_38,O_58_Si_702,160.4258853,149.4098295,4,4,0,1.086784405,3.215,-0.296321929,6.36E-02
glass_num_38,O_418_Si_704,126.2928491,171.0200326,4,4,0,0.772117353,3.17,-8.95E-02,0.255676687
glass_num_38,O_223_Si_705,146.0799607,159.9611143,4,4,0,1.426223005,3.182,-0.18549154,0.163406623
glass_num_38,O_187_Si_711,136.5436186,154.0568037,3,3,0,0.826348908,3.396,-0.240043185,0.119860862
glass_num_38,O_265_Si_713,168.0877002,142.6547548,3,3,0,1.236672805,3.439,-0.276133633,4.32E-02
glass_num_42,O_520_Si_593,147.5790946,172.3546993,3,3,0,1.48818828,3.262,-0.230935739,0.140583629
glass_num_42,O_223_Si_599,173.1891499,162.9269165,4,4,0,1.524181536,3.31,-0.183488312,0.128872885
glass_num_42,O_214_Si_601,122.0416948,178.3058031,4,4,0,0.220307285,2.712,-0.157245758,0.196632179
glass_num_42,O_229_Si_603,145.9521497,162.5121345,3,3,0,1.134717222,3.215,-0.226280826,0.131443512
glass_num_42,O_535_Si_603,156.5448042,171.6899102,3,3,0,1.106997491,3.197,-0.226280826,0.131443512
glass_num_42,O_142_Si_608,130.5244486,178.590051,4,4,0,1.795938534,3.062,-0.190962368,0.226566885
glass_num_42,O_568_Si_613,152.7619807,171.594247,4,4,0,1.645106463,3.24,-0.249446036,0.108997005
glass_num_42,O_196_Si_615,160.2146808,163.4128816,4,4,0,1.260651952,3.046,-0.194700243,0.118052884
glass_num_42,O_133_Si_625,147.5896074,172.2877249,3,3,0,0.933139721,3.331,-0.312476193,0.117480739
glass_num_42,O_532_Si_640,164.8218375,171.7755499,4,4,0,1.58927164,3.059,-0.248233856,9.40E-02
glass_num_42,O_286_Si_659,147.5896074,57.43011576,4,4,0,0.800934976,3.498,-0.227869353,9.03E-02
glass_num_42,O_394_Si_660,149.9678972,175.3616331,3,3,0,0.950779908,3.308,-0.278659176,9.00E-02
glass_num_42,O_106_Si_664,147.8084294,175.2135112,4,4,0,0.800631865,2.834,-0.197265489,7.45E-02
glass_num_42,O_289_Si_669,162.6739011,171.6481486,4,4,0,1.504808315,3.231,-0.202880594,0.141760698
glass_num_42,O_544_Si_673,171.7234071,170.1298945,4,4,0,0.893457264,3.19,-0.327712887,7.46E-02
glass_num_42,O_58_Si_683,165.8311852,173.9900569,3,3,0,1.177478586,3.17,-0.196527242,0.110810674
glass_num_42,O_430_Si_716,155.4589893,161.4466912,3,3,0,1.393461455,3.115,-0.208174347,7.85E-02
glass_num_43,O_358_Si_596,171.2296249,171.1068835,4,4,0,0.091980455,3.004,-0.304872331,0.109627116
glass_num_43,O_343_Si_599,141.9228932,155.7296943,4,4,0,0.87398968,3.027,-0.221963663,8.18E-02
glass_num_43,O_388_Si_609,155.2392105,140.5409879,4,4,0,1.357992979,3.439,-0.259717832,8.27E-02
glass_num_43,O_499_Si_609,157.6822702,172.8320834,4,4,0,1.614705274,3.128,-0.259717832,8.27E-02
glass_num_43,O_64_Si_613,151.6414662,166.6423234,4,4,0,1.877581533,3.405,-0.203389869,8.72E-02
glass_num_43,O_325_Si_620,159.6148658,162.1287896,4,4,0,1.427770108,2.882,-0.245507117,0.117313935
glass_num_43,O_472_Si_628,170.7108726,155.0324991,3,3,0,0.494548184,3.43,-0.190536029,5.04E-02
glass_num_43,O_355_Si_632,154.3833546,172.9411028,4,4,0,1.536861733,3.235,-0.175796586,0.10295455
glass_num_43,O_283_Si_638,162.6970349,151.0952289,3,3,0,1.371699083,3.487,-0.206567955,9.71E-02
glass_num_43,O_241_Si_641,130.6061302,167.1147463,4,4,0,1.056329383,3.26,-0.256467115,0.124032982
glass_num_43,O_406_Si_642,136.3822806,157.385375,4,4,0,1.520114429,3.326,-0.206712559,6.55E-02
glass_num_43,O_61_Si_646,141.6089059,66.54713291,4,4,0,0.193389115,3.484,-0.264015282,5.78E-02
glass_num_43,O_244_Si_654,167.7544334,153.4795769,3,3,0,0.301126706,3.439,-0.244006096,7.12E-02
glass_num_43,O_109_Si_655,149.9095645,168.0262557,3,3,0,0.569792373,3.389,-0.248048851,0.120135881
glass_num_43,O_178_Si_666,151.9152644,152.2011083,3,3,0,1.023778961,3.317,-0.227451036,0.117519725
glass_num_43,O_7_Si_676,137.3649063,160.1403652,4,4,0,1.133648019,2.948,-0.112626383,0.166742841
glass_num_43,O_55_Si_679,169.4502832,160.6684467,3,3,0,1.056761564,3.417,-0.253755693,9.28E-02
glass_num_43,O_106_Si_684,131.2258248,76.28308586,4,4,0,0.550096968,3.369,-0.264607587,0.129101884
glass_num_43,O_538_Si_692,130.7940905,151.794053,3,3,0,0.902479564,3.495,-0.22323251,0.177122037
glass_num_43,O_274_Si_696,173.0090913,164.4437895,2,2,0,1.032433185,3.284,-0.211039459,0.100146292
glass_num_43,O_316_Si_712,148.7017118,169.6940448,4,4,0,1.36188722,3.3,-0.220814349,0.13730901
glass_num_44,O_10_Si_595,140.6038467,165.5593582,3,3,0,0.897987528,3.1,-0.225469593,0.11723088
glass_num_44,O_235_Si_605,157.6462161,56.91052592,4,4,0,0.53377026,3.202,-0.308446474,6.35E-02
glass_num_44,O_367_Si_609,133.4259167,129.2449493,4,4,0,1.778922762,3.342,-0.214069091,8.14E-02
glass_num_44,O_421_Si_620,168.8902415,173.7878673,3,3,0,0.995116658,3.289,-0.223772312,0.136218145
glass_num_44,O_172_Si_640,138.1693901,158.3857353,4,4,0,1.676584707,3.177,-0.191951902,7.14E-02
glass_num_44,O_79_Si_645,144.9393515,168.2664771,3,3,0,1.415739705,3.242,-0.140309388,0.140645723
glass_num_44,O_163_Si_651,169.8799048,162.1427236,4,4,0,1.346481079,3.417,-0.15785058,0.10778101
glass_num_44,O_310_Si_665,143.1750629,162.6247456,4,4,0,1.156361478,3.257,-0.172755859,0.155796554
glass_num_44,O_199_Si_670,172.5227389,162.2426026,4,4,0,1.467924954,3.268,-0.226856826,4.31E-02
glass_num_44,O_322_Si_698,151.2769555,162.759798,2,2,0,1.248578607,3.424,-0.180529048,5.12E-02
glass_num_44,O_73_Si_706,158.1597146,171.4872035,4,4,0,1.104013875,3.216,-0.239382106,0.134633563
glass_num_44,O_316_Si_710,152.3733112,179.0701701,4,4,0,1.167063581,3.178,-0.131232933,0.102083653
glass_num_44,O_457_Si_711,160.4973377,176.7052973,4,4,0,1.641370835,3.24,-0.246868651,9.86E-02
glass_num_44,O_22_Si_715,153.1590543,159.8636863,4,4,0,2.059865101,3.268,-0.193264241,0.112332239
glass_num_44,O_445_Si_722,140.4602389,178.0892021,4,4,0,0.826369394,2.947,-0.260286963,9.54E-02
glass_num_44,O_196_Si_724,142.260999,66.40030549,4,4,0,0.546562084,3.302,-0.223987655,0.176879293
glass_num_47,O_259_Si_586,134.2851035,157.8286805,3,3,0,0.700751329,3.209,-0.246822578,0.16472316
glass_num_47,O_121_Si_587,158.7570886,165.1624736,4,4,0,0.814602844,3.188,-0.229104579,0.106770591
glass_num_47,O_25_Si_600,140.4220679,159.1142894,4,4,0,1.94028356,3.318,-0.164032006,6.04E-02
glass_num_47,O_250_Si_633,139.0667697,171.8593785,4,4,0,0.370841095,3.108,-0.287295244,8.23E-02
glass_num_47,O_532_Si_634,159.257214,166.7936458,4,4,0,1.098712417,3.287,-0.198703803,0.121252792
glass_num_47,O_508_Si_637,123.9610243,168.2833339,3,3,0,0.967874575,2.975,-0.155815934,0.113813601
glass_num_47,O_283_Si_646,146.6126811,158.9755542,4,4,0,0.039732215,3.123,-0.311768328,8.49E-02
glass_num_47,O_337_Si_649,148.750465,164.991238,3,3,0,1.747118566,3.452,-0.148441757,0.101602483
glass_num_47,O_88_Si_650,142.7058224,164.5631288,4,4,0,0.224689045,2.717,-0.224468977,0.129519838
glass_num_47,O_550_Si_651,135.767174,76.43976121,4,4,0,0.267505796,3.18,-0.299289058,6.31E-02
glass_num_47,O_481_Si_652,150.8869695,152.2403904,3,3,0,1.176279091,3.465,-0.176381389,0.113750705
glass_num_47,O_559_Si_656,146.6408685,149.2554631,3,3,0,1.476506744,3.418,-0.187324836,0.112343532
glass_num_47,O_247_Si_662,163.8606959,155.3339673,4,4,0,1.445484082,3.321,-0.264172834,8.79E-02
glass_num_47,O_421_Si_675,155.5941844,165.9300239,4,4,0,1.433714585,3.133,-0.30892773,9.33E-02
glass_num_47,O_355_Si_678,147.0875813,55.22174841,4,4,0,0.243561868,3.315,-0.202580792,0.186862265
glass_num_47,O_256_Si_678,128.9705048,177.220896,4,4,0,0.490343545,2.863,-0.202580792,0.186862265
glass_num_47,O_13_Si_684,131.402036,170.2408691,4,4,0,0.552786955,3.202,-0.15830898,0.170189564
glass_num_47,O_184_Si_687,127.7888215,173.021646,3,3,0,0.538748144,2.983,-0.166170744,4.88E-02
glass_num_47,O_34_Si_692,150.1609962,172.7318057,2,2,0,1.563915521,3.262,-0.211208104,8.78E-02
glass_num_47,O_130_Si_702,149.660613,167.8101526,4,4,0,1.509573655,3.233,-0.180122093,0.131286753
glass_num_47,O_1_Si_708,132.6939247,170.1468949,4,4,0,0.187466293,3.23,-0.319654865,0.116753776
glass_num_47,O_166_Si_712,159.355709,179.0253963,3,3,0,1.13296144,2.872,-0.201849757,9.47E-02
glass_num_47,O_505_Si_712,146.1248031,174.2239322,3,3,0,1.373050754,2.915,-0.201849757,9.47E-02
glass_num_48,O_106_Si_595,171.1539098,164.6139894,3,3,0,0.791918781,3.276,-0.216309169,0.155143198
glass_num_48,O_118_Si_609,145.5620796,173.2188677,3,3,0,1.052921856,3.278,-0.283712044,8.65E-02
glass_num_48,O_94_Si_612,136.545205,139.6718151,4,4,0,0.689598718,3.448,-0.248353687,0.133387998
glass_num_48,O_253_Si_618,153.6730866,152.6594481,3,3,0,1.112890819,3.294,-0.178400603,0.127203528
glass_num_48,O_538_Si_620,155.6623314,150.0536965,4,4,0,0.911031985,3.457,-0.194804171,5.41E-02
glass_num_48,O_22_Si_627,142.0646883,52.76756178,4,4,0,1.577707565,3.438,-0.170462823,4.38E-02
glass_num_48,O_205_Si_637,149.2156591,149.9936856,3,3,0,0.640455217,3.344,-0.253230362,0.134920481
glass_num_48,O_565_Si_637,159.0578482,170.3647834,3,3,0,1.123351843,3.243,-0.253230362,0.134920481
glass_num_48,O_340_Si_646,156.571093,170.2254171,3,3,0,1.553845053,3.368,-0.206771726,0.10278367
glass_num_48,O_589_Si_659,157.4735071,163.8766447,4,4,0,1.331944211,3.106,-0.233378387,0.168419861
glass_num_48,O_139_Si_664,142.8358422,173.8984433,3,3,0,1.055061885,3.343,-0.125621588,0.115747703
glass_num_48,O_220_Si_673,139.6606326,170.0157176,4,4,0,0.939912532,3.054,-0.272893329,9.00E-02
glass_num_48,O_157_Si_683,146.3456654,172.2023031,4,4,0,1.388284682,3.381,-0.261561268,9.35E-02
glass_num_48,O_316_Si_685,164.480046,162.2448249,4,4,0,1.007158584,3.155,-0.264104278,0.152342383
glass_num_48,O_496_Si_693,130.3442012,160.1838214,3,3,0,0.782210777,3.34,-0.256262016,6.99E-02
glass_num_48,O_178_Si_695,157.2085259,166.1307377,3,3,0,0.965155881,3.304,-0.193703077,2.44E-02
glass_num_48,O_448_Si_699,146.7352988,173.5339467,4,4,0,0.802757586,3.071,-0.242884147,7.70E-02
glass_num_48,O_112_Si_708,165.3935294,168.2252549,4,4,0,0.905635766,3.228,-0.254275694,0.122937735
glass_num_48,O_460_Si_712,152.4420449,169.3418709,4,4,0,2.039490566,3.343,-0.189642202,0.151010638
glass_num_48,O_304_Si_714,167.4650971,156.8712768,4,4,0,0.544287735,3.402,-0.225633727,6.78E-02
glass_num_48,O_469_Si_717,156.6381182,168.6511102,3,3,0,0.77156659,3.28,-0.197836223,0.137162474
glass_num_49,O_148_Si_588,149.6593183,164.9106628,3,3,0,1.098901412,3.251,-0.193422295,0.110625628
glass_num_49,O_352_Si_592,167.5072036,175.4391633,4,4,0,1.605122804,3.082,-0.220030141,0.135667266
glass_num_49,O_154_Si_594,167.8214529,165.06395,4,4,0,0.732528623,3.091,-0.234770394,7.35E-02
glass_num_49,O_250_Si_594,148.9148222,155.4114831,4,4,0,0.438455008,3.268,-0.234770394,7.35E-02
glass_num_49,O_529_Si_599,154.783718,145.8926643,4,4,0,1.128579114,3.378,-0.201812016,8.05E-02
glass_num_49,O_214_Si_602,152.0539362,175.9053226,3,3,0,1.597013017,3.275,-0.197557284,7.33E-02
glass_num_49,O_133_Si_602,145.4989597,157.0959048,3,3,0,1.461871928,3.213,-0.197557284,7.33E-02
glass_num_49,O_34_Si_603,134.3463902,170.4234638,3,3,0,0.865234206,3.017,-0.239195974,0.131798633
glass_num_49,O_304_Si_607,143.1997185,155.842372,3,3,0,0.86208387,3.263,-0.225317102,0.112625537
glass_num_49,O_475_Si_616,153.7523059,166.4723845,3,3,0,1.238055274,3.238,-0.245262294,8.00E-02
glass_num_49,O_169_Si_623,154.8121227,169.9072312,4,4,0,1.077469401,3.244,-0.210533713,0.109082234
glass_num_49,O_85_Si_627,145.7928764,165.4609158,4,4,0,1.013624836,3.166,-0.151134008,0.115668453
glass_num_49,O_397_Si_635,134.9188001,166.5388967,4,4,0,1.109256404,3.102,-0.265349122,0.121858995
glass_num_49,O_172_Si_639,160.8584532,161.2200537,4,4,0,1.343431883,3.442,-0.271445272,0.105508978
glass_num_49,O_415_Si_642,172.184856,175.6138114,3,3,0,1.340052545,2.946,-0.252685018,0.112796462
glass_num_49,O_553_Si_644,155.4225868,70.70592901,4,4,0,1.66425389,3.318,-0.196208454,0.119568598
glass_num_49,O_346_Si_668,155.2575361,167.6223736,3,3,0,1.253150098,3.152,-0.206390235,6.57E-02
glass_num_49,O_502_Si_675,130.5417079,174.0176318,3,3,0,0.816685464,3.058,-0.177102632,0.12599512
glass_num_49,O_439_Si_685,139.4236786,143.7232888,4,4,0,1.213953378,3.406,-0.194197159,0.123416204
glass_num_49,O_478_Si_692,150.1666517,171.6918945,4,4,0,1.623948173,3.33,-0.158350123,0.146288861
glass_num_49,O_421_Si_697,161.1465057,174.7210298,3,3,0,1.040880634,3.28,-0.249919152,0.152991318
glass_num_49,O_217_Si_705,159.9004009,164.4994447,4,4,0,1.989620462,3.319,-0.182217625,5.06E-02
glass_num_49,O_331_Si_707,136.2661655,167.6193927,4,4,0,0.998476694,2.991,-0.231726795,0.145140772
glass_num_49,O_322_Si_708,175.6183353,163.6981579,4,4,0,0.993226167,3.414,-0.286223718,9.24E-02
